	X	Y	OBJECTID	LocID	API	ConstructNumber	ConstructType	ConstructStatus	LocType	ElevationType	Depth	Latitude	Longitude	CoordsBH_N	CoordsBH_E	UTMZone	FootageNS	Dir_NS	FootageEW	Dir_EW	QtrQtr	Section	Township	TownshipDir	Range	RangeDir	Meridian	County	FORKLIFT_HASH
3	-110.042484006	40.377493391	133503	120315	4301331149	0	Vertical	P	BH			40.377487	-110.042473	4470096.0	581283.0	12.0	1045	FSL	1722.0	FWL	SESW	19.0	1.0	S	1.0	W	U	7.0	05c42a7af6508cf3
17	-110.052580276	40.4312249870001	133518	113070	4301350424	0	Vertical	LA	BH			40.431219	-110.052569	4476051.0	580362.0	12.0	660	FNL	1000.0	FEL	NENE	1.0	1.0	S	2.0	W	U	7.0	764d5d3189c823fc
25	-110.061786841	40.425354172	133527	131238	4301330014	0	Vertical	PA	BH			40.425348	-110.061776	4475391.0	579588.0	12.0	2808	FNL	1521.0	FWL	SENW	1.0	1.0	S	2.0	W	U	7.0	9193a49856884f16
37	-110.206470409	40.010919098	133543	125013	4301332816	0	Vertical	I	BH			40.010913	-110.206459	4429270.0	567726.0	12.0	660	FSL	660.0	FWL	SWSW	23.0	9.0	S	15.0	E	S	7.0	69c62c904dc08fdf
62	-110.221196362	40.0183168040001	133572	130250	4301332857	0	Vertical	I	BH			40.018311	-110.221185	4430080.0	566462.0	12.0	1949	FNL	1157.0	FWL	SENW	22.0	9.0	S	15.0	E	S	7.0	b7559c31810b66f3
141	-110.116539544	40.0376214780001	133663	118534	4301350442	0	Horizontal	LA	BH			40.037615	-110.116528	4432306.0	575372.0	12.0	150	FNL	450.0	FEL	NENE	16.0	9.0	S	16.0	E	S	7.0	27c0305a06046e90
309	-110.035820028	40.0630513830001	133848	113297	4301350546	0	Directional	P	BH			40.063045	-110.035809	4435200.0	582228.0	12.0	1490	FNL	1139.0	FWL	SWNW	5.0	9.0	S	17.0	E	S	7.0	3af0ef0d5d29d5e6
311	-109.988808553	40.038694358	133850	113765	4301351266	0	Directional	P	BH			40.038688	-109.988797	4432541.0	586268.0	12.0	125	FSL	1520.0	FEL	SWSE	10.0	9.0	S	17.0	E	S	7.0	ee289b016f55487e
314	-109.997104349	40.0556952950001	133853	113890	4301351469	0	Directional	P	BH			40.055689	-109.997093	4434420.0	585539.0	12.0	1099	FSL	1566.0	FWL	SESW	3.0	9.0	S	17.0	E	S	7.0	c79509ec2f6f5457
324	-110.028072309	40.04716597	133866	115946	4301330542	0	Vertical	I	BH			40.04716	-110.028061	4433444.0	582908.0	12.0	1980	FNL	1980.0	FEL	SWNE	8.0	9.0	S	17.0	E	S	7.0	eda16317a0caca75
383	-110.316377441	40.428049881	133931	120306	4301330208	0	Vertical	PA	BH			40.428044	-110.316366	4475492.0	557989.0	12.0	1381	FNL	1021.0	FEL		3.0	1.0	S	4.0	W	U	7.0	99e77de6b08ba375
396	-110.678152356	40.355027153	133944	116639	4301311450	0	Vertical	PA	BH			40.355021	-110.678141	4467212.0	527331.0	12.0	660	FNL	1980.0	FEL	NWNE	33.0	1.0	S	7.0	W	U	7.0	28aab052a44ea826
553	-110.11359337	40.259202902	134130	146176	4301353718	0	Horizontal	APD	BH			40.259197	-110.113582	4456903.0	575378.0	12.0	330	FSL	2310.0	FEL	SWSE	33.0	2.0	S	2.0	W	U	7.0	6fcd5ff7db2b3b74
679	-110.019275217	40.327253677	134273	115065	4301331203	0	Vertical	P	BH			40.327248	-110.019264	4464541.0	583315.0	12.0	1412	FNL	2380.0	FEL	SWNE	8.0	2.0	S	1.0	W	U	7.0	c912d3e27212452d
845	-110.316988631	40.261302933	134478	120863	4301351630	0	Vertical	LA	BH			40.261297	-110.316977	4456983.0	558080.0	12.0	1671	FSL	1139.0	FEL	NESE	34.0	2.0	S	4.0	W	U	7.0	cf8f889f194b4d78
982	-110.420808331	40.318861815	134641	136959	4301331080	0	Vertical	PA	BH			40.318856	-110.420797	4463309.0	549210.0	12.0	1654	FSL	1754.0	FWL	NESW	11.0	2.0	S	5.0	W	U	7.0	7824f89bd6d690c1
1007	-110.425883485	40.182224476	134668	152231	4301354042	0	Horizontal	APD	BH			40.182218	-110.425872	4448140.0	548877.0	12.0	600	FNL	330.0	FWL	NWNW	35.0	3.0	S	5.0	W	U	7.0	d9879dea66afd12a
1016	-110.57440151	40.229624712	134679	114294	4301331096	0	Vertical	PA	BH			40.229619	-110.57439	4453330.0	536208.0	12.0	948	FSL	933.0	FWL	SWSW	9.0	3.0	S	6.0	W	U	7.0	00a69ed3897bac23
1017	-110.507232143	40.2058346640001	134680	114380	4301330372	0	Vertical	PA	BH			40.205829	-110.507221	4450719.0	541937.0	12.0	2467	FNL	1501.0	FEL	SWNE	24.0	3.0	S	6.0	W	U	7.0	cb8648550f37272e
1041	-110.628113779	40.1877266340001	134711	128683	4301331636	0	Vertical	PA	BH			40.187721	-110.628102	4448659.0	531658.0	12.0	1506	FSL	1551.0	FWL	NESW	25.0	3.0	S	7.0	W	U	7.0	693d72a57cdaa82b
1067	-110.492610564	40.1780043890001	134743	126603	4301330501	0	Vertical	PA	BH			40.177998	-110.492599	4447637.0	543199.0	12.0	3247	FSL	2610.0	FWL	SWNE	31.0	3.0	S	5.0	W	U	7.0	00fe2ecc2d7e6a34
1081	-110.426639343	40.250059924	134758	151941	4301354035	0	Horizontal	APD	BH			40.250053	-110.426628	4455669.0	548764.0	12.0	2300	FNL	135.0	FWL	SWNW	2.0	3.0	S	5.0	W	U	7.0	3cdcac4359aac2c3
1087	-110.593527878	40.178186451	134769	111712	4301350756	0	Directional	S	BH			40.17818	-110.593517	4447613.0	534607.0	12.0	2042	FNL	831.0	FWL	SWNW	32.0	3.0	S	6.0	W	U	7.0	6a69f80dc5f56fd4
1109	-110.636547238	40.1857352930001	134798	123778	4301351598	0	Directional	P	BH			40.185729	-110.636536	4448435.0	530941.0	12.0	790	FSL	806.0	FEL	SESE	26.0	3.0	S	7.0	W	U	7.0	daee7bd4ab78e662
1177	-110.496949603	40.2313861530001	134884	130491	4301331327	0	Vertical	P	BH			40.23138	-110.496938	4453560.0	542796.0	12.0	1538	FSL	1349.0	FWL	NESW	7.0	3.0	S	5.0	W	U	7.0	dc296f7091982a6f
1381	-110.140291018	40.2672783940001	135155	116586	4301352119	0	Directional	LA	BH			40.267272	-110.14028	4457777.0	573099.0	12.0	1980	FNL	810.0	FWL	SWNW	32.0	2.0	S	2.0	W	U	7.0	b11359fcacd5df28
1395	-110.081593005	40.259412814	135169	129702	4301353423	0		LA	BH			40.259407	-110.081582	4456954.0	578099.0	12.0	330	FSL	1320.0	FWL	S-SW	35.0	2.0	S	2.0	W	U	7.0	cc22df9f4545791f
1399	-110.052343047	40.3346555090001	135174	136371	4301351844	0	Vertical	P	BH			40.334649	-110.052332	4465332.0	580497.0	12.0	1498	FSL	1079.0	FEL	NESE	1.0	2.0	S	2.0	W	U	7.0	b58a3307a9495930
1404	-110.083649768	40.3021866620001	135179	144309	4301334304	1	Horizontal	CP	BH			40.302181	-110.083639	4461700.0	577875.0	12.0	200	FSL	760.0	FWL	SWSW	14.0	2.0	S	2.0	W	U	7.0	a5c105abecddd8f5
1446	-110.147511328	40.258917196	135230	154203	4301354078	0	Horizontal	NEW	BH			40.258911	-110.147499	4456843.0	572494.0	12.0	330	FSL	1190.0	FEL	SESE	31.0	2.0	S	2.0	W	U	7.0	cd690b9cd12abb5d
1536	-110.66912348	40.366344279	135341	123211	4301330074	0	Vertical	PA	BH			40.366338	-110.669112	4468471.0	528093.0	12.0	1825	FNL	553.0	FWL	SWNW	27.0	1.0	S	7.0	W	U	7.0	69ee5407806f0dc2
1600	-110.00820293	40.2867264180001	135408	112448	4301353398	0		LA	BH			40.28672	-110.008192	4460053.0	584306.0	12.0	330	FNL	660.0	FWL	NWNW	28.0	2.0	S	1.0	W	U	7.0	84ca0689fdf90eb8
1640	-109.997682398	40.2885456870001	135455	148314	4301353916	0	Horizontal	RET	BH			40.28854	-109.997673	4460265.0	585198.0	12.0	330	FSL	1650.0	FEL	SWSE	21.0	2.0	S	1.0	W	U	7.0	4beb1319404c6085
1658	-110.082201287	40.318788012	135476	117296	4301334304	0	Vertical	P	BH			40.318782	-110.08219	4463544.0	577979.0	12.0	1070	FSL	1144.0	FWL	SWSW	11.0	2.0	S	2.0	W	U	7.0	2376ca5b2353728d
1659	-110.157849162	40.342201624	135479	119368	4301331140	0	Vertical	P	BH			40.342195	-110.157838	4466079.0	571527.0	12.0	949	FNL	1001.0	FWL		6.0	2.0	S	2.0	W	U	7.0	d8775f4fa0401b3a
1697	-110.040964439	40.0172626510001	135519	123148	4301353062	0	Directional	LA	BH			40.017257	-110.040953	4430113.0	581844.0	12.0	2947	FSL	323.0	FEL	SENE	19.0	9.0	S	17.0	E	S	7.0	b69640ee3f1d1f8f
1730	-110.007057014	40.063862525	135554	127926	4301351037	0	Directional	P	BH			40.063856	-110.007046	4435317.0	584680.0	12.0	1283	FNL	1358.0	FEL		4.0	9.0	S	17.0	E	S	7.0	2272492558ee47b7
1792	-110.049302649	40.0598112820001	135622	137461	4301333499	0	Directional	PA	BH			40.059805	-110.049291	4434828.0	581082.0	12.0	2875	FSL	2685.0	FWL	NESW	6.0	9.0	S	17.0	E	S	7.0	88538e293b01941d
1873	-110.072895703	40.369209663	135714	110752	4301330903	0	Vertical	PA	BH			40.369203	-110.072884	4469149.0	578711.0	12.0	1700	FNL	1525.0	FEL	SWNE	26.0	1.0	S	2.0	W	U	7.0	389adcfc774e8f3a
2216	-110.258652361	40.015688405	136167	136939	4301331798	0	Vertical	I	BH			40.015682	-110.258641	4429761.0	563268.0	12.0	1980	FSL	660.0	FEL	NESE	30.0	5.0	S	3.0	W	U	7.0	ca42161c373e8fcd
2245	-110.314942043	40.077948937	136211	119844	4301352237	0	Directional	P	BH			40.077943	-110.314931	4436633.0	558411.0	12.0	2133	FNL	609.0	FEL	SENE	3.0	5.0	S	4.0	W	U	7.0	930c33b34c4ba749
2250	-110.379998214	40.0483043740001	136216	121330	4301352609	0	Directional	P	BH			40.048298	-110.379987	4433302.0	552887.0	12.0	2048	FNL	2010.0	FWL	SENW	18.0	5.0	S	4.0	W	U	7.0	552d7d837fcd7035
2315	-110.324348389	40.026874627	136287	134033	4301332593	0	Vertical	P	BH			40.026869	-110.324337	4430958.0	557652.0	12.0	728	FSL	1933.0	FWL	SESW	22.0	5.0	S	4.0	W	U	7.0	ba4e34a38fece6a8
2391	-110.422841762	40.001621297	136383	130654	4301333782	0	Directional	P	BH			40.001615	-110.422831	4428096.0	549266.0	12.0	2014	FSL	457.0	FWL	NWSW	35.0	5.0	S	5.0	W	U	7.0	115a062626cf840a
2418	-110.477239211	40.0104116420001	136410	152049	4301333807	0	Directional	OPS	BH			40.010406	-110.477228	4429043.0	544617.0	12.0	663	FSL	781.0	FEL	SWSW	29.0	5.0	S	5.0	W	U	7.0	e8771d32c237569d
2437	-110.542421712	39.997866469	136430	120426	4301351647	0	Vertical	P	BH			39.99786	-110.54241	4427620.0	539061.0	12.0	690	FSL	1620.0	FEL	SWSE	34.0	5.0	S	6.0	W	U	7.0	43edb6e068a7db6d
2446	-110.52080378	40.0152399770001	136439	124320	4301351381	0	Directional	P	BH			40.015234	-110.520793	4429558.0	540896.0	12.0	1805	FSL	775.0	FEL	NESE	26.0	5.0	S	6.0	W	U	7.0	55aa15932dc86ad7
2451	-110.547549348	40.0001570580001	136446	126878	4301351900	0	Directional	LA	BH			40.000151	-110.547538	4427872.0	538622.0	12.0	1530	FSL	2200.0	FWL	NESW	34.0	5.0	S	6.0	W	U	7.0	0afd5153ef090c94
2528	-110.345040353	39.990603305	136529	114627	4301333450	0	Vertical	P	BH			39.990597	-110.345029	4426919.0	555916.0	12.0	1980	FNL	1252.0	FWL	SWNW	4.0	6.0	S	4.0	W	U	7.0	51747b10bd9aa1dd
2749	-110.263180369	39.9977880550001	136801	113520	4301352928	0	Directional	LA	BH			39.997782	-110.263169	4427771.0	562898.0	12.0	660	FSL	1980.0	FEL	SWSE	31.0	5.0	S	3.0	W	U	7.0	8970c7930b5d6217
2770	-110.235079459	40.0374556130001	136852	129516	4301331735	0	Vertical	I	BH			40.037449	-110.235068	4432194.0	565259.0	12.0	660	FNL	660.0	FWL	NWNW	21.0	5.0	S	3.0	W	U	7.0	a030ec20b1656c51
2783	-110.366568441	40.041420443	136885	110194	4301331546	0	Vertical	P	BH			40.041414	-110.366557	4432546.0	554038.0	12.0	796	FSL	645.0	FWL	SWSW	17.0	5.0	S	4.0	W	U	7.0	f49da63864392767
2807	-110.295573261	40.026081607	136915	116746	4301332927	0	Vertical	P	BH			40.026075	-110.295562	4430889.0	560108.0	12.0	494	FSL	521.0	FEL	SESE	23.0	5.0	S	4.0	W	U	7.0	ecf0e776e00d8846
2852	-110.347898074	40.0337307500001	136963	129250	4301333324	0	Vertical	P	BH			40.033725	-110.347887	4431704.0	555637.0	12.0	1980	FNL	600.0	FWL	SWNW	21.0	5.0	S	4.0	W	U	7.0	b35d830232d73eda
2856	-110.291715092	40.073890088	136969	130884	4301330863	0	Vertical	PA	BH			40.073884	-110.291704	4436198.0	560395.0	12.0	2022	FSL	626.0	FWL	NWSW	1.0	5.0	S	4.0	W	U	7.0	3154b9d16eadc1d7
2858	-110.329001798	40.055498239	136971	131197	4301350892	0	Directional	PA	BH			40.055492	-110.328991	4434132.0	557231.0	12.0	660	FSL	660.0	FWL	SWSW	10.0	5.0	S	4.0	W	U	7.0	90f24fbb6abcd571
2890	-110.412977481	40.030339713	137007	113227	4301333358	0	Directional	P	BH			40.030334	-110.412966	4431289.0	550087.0	12.0	2014	FSL	2052.0	FEL	NWSE	23.0	5.0	S	5.0	W	U	7.0	6c978f24329e08cf
2917	-110.48309901	40.0195467500001	137034	125204	4301352855	0	Directional	LA	BH			40.019541	-110.483088	4430054.0	544111.0	12.0	1960	FNL	650.0	FEL	SENE	30.0	5.0	S	5.0	W	U	7.0	169b57db00f48579
2923	-110.401106532	40.0140705470001	137040	127392	4301333184	0	Directional	P	BH			40.014064	-110.401095	4429490.0	551112.0	12.0	1271	FSL	1362.0	FWL	NESW	25.0	5.0	S	5.0	W	U	7.0	c6b880482f4cd1e7
2936	-110.402850529	40.055947454	137053	130625	4301352593	0	Directional	LA	BH			40.055941	-110.402839	4434137.0	550932.0	12.0	850	FSL	840.0	FWL	SWSW	12.0	5.0	S	5.0	W	U	7.0	1c2609840c45bb50
2940	-110.412819866	40.0555479270001	137058	132015	4301352567	0	Directional	LA	BH			40.055542	-110.412809	4434087.0	550082.0	12.0	660	FSL	1960.0	FEL	SWSE	11.0	5.0	S	5.0	W	U	7.0	de302c443e3839f6
2966	-110.595018953	40.07742869	137086	114258	4301351342	0	Directional	P	BH			40.077423	-110.595008	4436429.0	534531.0	12.0	1960	FNL	726.0	FEL	SENE	6.0	5.0	S	6.0	W	U	7.0	072b57a3cd6be30a
2978	-110.557382916	40.023025708	137100	119824	4301350865	0	Directional	P	BH			40.02302	-110.557372	4430406.0	537770.0	12.0	614	FNL	656.0	FEL	NENE	28.0	5.0	S	6.0	W	U	7.0	4abd67f823c8c592
2998	-110.521570106	40.0732654830001	137125	134035	4301351893	0	Directional	LA	BH			40.073259	-110.521559	4435998.0	540796.0	12.0	1839	FSL	1048.0	FEL	NESE	2.0	5.0	S	6.0	W	U	7.0	f41413281c252b35
3021	-110.249116594	40.0699639200001	137178	135679	4301331455	0	Vertical	PA	BH			40.069958	-110.249105	4435792.0	564031.0	12.0	590	FSL	1984.0	FWL	SESW	5.0	5.0	S	3.0	W	U	7.0	3f049a4a764dc8ea
3024	-110.244837639	40.0230952210001	137184	137097	4301332199	0	Vertical	I	BH			40.023089	-110.244826	4430593.0	564440.0	12.0	622	FNL	2075.0	FEL	NWNE	29.0	5.0	S	3.0	W	U	7.0	7ce25c2d0eb3a543
3052	-110.361799853	40.0700809050001	137222	116193	4301352493	0	Directional	P	BH			40.070075	-110.361789	4435730.0	554422.0	12.0	659	FSL	1979.0	FWL	SESW	5.0	5.0	S	4.0	W	U	7.0	3a276a0c62c07676
3072	-110.355989749	40.012080724	137243	120253	4301332561	0	Vertical	P	BH			40.012075	-110.355979	4429296.0	554964.0	12.0	643	FSL	1655.0	FEL	SWSE	29.0	5.0	S	4.0	W	U	7.0	d949423cdd3513cd
3085	-110.343047238	40.0811840010001	137256	122894	4301352145	0	Directional	P	BH			40.081178	-110.343036	4436974.0	556012.0	12.0	800	FNL	1929.0	FWL		4.0	5.0	S	4.0	W	U	7.0	ce790f66abdeaad3
3111	-110.384673603	40.077223136	137288	130982	4301352326	0	Directional	P	BH			40.077217	-110.384662	4436509.0	552466.0	12.0	1992	FNL	639.0	FWL		6.0	5.0	S	4.0	W	U	7.0	59c4c1bc496e4876
3112	-110.380188936	40.069955512	137289	131214	4301352455	0	Directional	P	BH			40.069949	-110.380178	4435705.0	552854.0	12.0	635	FSL	1913.0	FWL	SESW	6.0	5.0	S	4.0	W	U	7.0	9929a1ace1e68efa
3125	-110.384319011	40.0228030540001	137306	135780	4301331550	0	Vertical	P	BH			40.022797	-110.384308	4430469.0	552538.0	12.0	751	FNL	740.0	FWL		30.0	5.0	S	4.0	W	U	7.0	7c4871b1560a007c
3148	-110.440593247	40.051495872	137331	113785	4301351292	0	Horizontal	LA	BH			40.05149	-110.440582	4433622.0	547716.0	12.0	800	FNL	800.0	FWL	NWNW	15.0	5.0	S	5.0	W	U	7.0	f659a5d1822bb8bc
3284	-110.54840394	40.044686427	137471	130680	4301353189	0	Directional	RET	BH			40.04468	-110.548393	4432814.0	538524.0	12.0	1980	FSL	1980.0	FWL	NESW	15.0	5.0	S	6.0	W	U	7.0	c3ea867f355d0c90
3302	-110.538951311	40.05921784	137491	137635	4301350987	0	Directional	P	BH			40.059212	-110.53894	4434431.0	539322.0	12.0	1902	FSL	668.0	FEL	NESE	10.0	5.0	S	6.0	W	U	7.0	b21e5fd9cd6c571b
3325	-110.019302075	40.0579034560001	137517	111645	4301332082	0	Vertical	I	BH			40.057897	-110.019291	4434644.0	583643.0	12.0	1884	FSL	426.0	FWL	NWSW	4.0	9.0	S	17.0	E	S	7.0	a8f24b673d9efec6
3367	-110.057609227	40.019417354	137563	119753	4301352956	0	Directional	LA	BH			40.019411	-110.057598	4430337.0	580421.0	12.0	1514	FNL	200.0	FWL		19.0	9.0	S	17.0	E	S	7.0	efb0f2eaaee72df2
3375	-110.006169412	40.0087167090001	137572	121137	4301353046	0	Directional	LA	BH			40.008711	-110.006158	4429197.0	584824.0	12.0	225	FNL	1143.0	FEL	NENE	28.0	9.0	S	17.0	E	S	7.0	5a56674840ee56cb
3398	-110.035372007	40.0241355650001	137596	124950	4301351334	0	Directional	P	BH			40.024129	-110.035361	4430881.0	582313.0	12.0	162	FSL	1211.0	FWL	SWSW	17.0	9.0	S	17.0	E	S	7.0	e9c8efa072be9e10
3435	-110.026184675	40.0191665350001	137638	131935	4301352505	0	Directional	P	BH			40.01916	-110.026174	4430338.0	583103.0	12.0	1695	FNL	1461.0	FEL	SWNE	20.0	9.0	S	17.0	E	S	7.0	db341c74a7763576
3917	-110.013569718	40.044007198	138183	135334	4301331206	0	Vertical	I	BH			40.044001	-110.013559	4433107.0	584149.0	12.0	2102	FSL	2089.0	FWL	NESW	9.0	9.0	S	17.0	E	S	7.0	66cc96fd043d1185
3930	-110.028039757	40.032948682	138196	137742	4301331465	0	Vertical	I	BH			40.032943	-110.028029	4431866.0	582928.0	12.0	1880	FNL	1980.0	FEL	SWNE	17.0	9.0	S	17.0	E	S	7.0	aca387789efb21f2
4105	-110.342417016	39.994219365	138385	110498	4301351986	0	Directional	LA	BH			39.994213	-110.342406	4427322.0	556137.0	12.0	660	FNL	1980.0	FWL		4.0	6.0	S	4.0	W	U	7.0	88eaae89aa97f95c
4277	-110.211419273	40.0186831440001	138575	124541	4301332858	0	Vertical	I	BH			40.018677	-110.211408	4430128.0	567296.0	12.0	1813	FNL	720.0	FEL	SENE	22.0	9.0	S	15.0	E	S	7.0	0ebc6a6e6b38f14f
4283	-110.179184739	40.0312259080001	138581	126446	4301352364	0	Directional	P	BH			40.03122	-110.179174	4431545.0	570034.0	12.0	2479	FNL	2229.0	FEL	SWNE	13.0	9.0	S	15.0	E	S	7.0	1790efde503a7a33
4292	-110.216688981	39.999510328	138591	128900	4301332876	0	Vertical	I	BH			39.999504	-110.216678	4427996.0	566865.0	12.0	1779	FSL	2202.0	FEL	NWSE	27.0	9.0	S	15.0	E	S	7.0	2001fc94b6a138b4
4312	-110.173468523	40.040663356	138614	137860	4301332178	0	Vertical	I	BH			40.040657	-110.173457	4432597.0	570512.0	12.0	915	FSL	646.0	FEL	SESE	12.0	9.0	S	15.0	E	S	7.0	3f30667608a464bd
4322	-110.147889841	40.067146322	138624	110951	4301334075	0	Directional	S	BH			40.06714	-110.147879	4435557.0	572666.0	12.0	178	FNL	1183.0	FWL		5.0	9.0	S	16.0	E	S	7.0	f0b0b40cdcc1c05d
4346	-110.168947709	40.065443336	138652	115281	4301331952	0	Vertical	I	BH			40.065437	-110.168937	4435351.0	570872.0	12.0	660	FNL	583.0	FWL		6.0	9.0	S	16.0	E	S	7.0	272d0db9376b2107
4373	-110.069835981	40.021660422	138683	119059	4301333084	0	Vertical	I	BH			40.021654	-110.069825	4430575.0	579375.0	12.0	722	FNL	2063.0	FWL	NENW	24.0	9.0	S	16.0	E	S	7.0	2e59ca877389c29f
4387	-110.152906702	40.0455331790001	138701	121884	4301334078	0	Directional	P	BH			40.045527	-110.152896	4433154.0	572261.0	12.0	2497	FNL	76.0	FWL	SENE	7.0	9.0	S	16.0	E	S	7.0	125fa967f30d9e7e
4475	-110.491946863	39.9941964560001	138801	120705	4301352014	0	Directional	P	BH			39.99419	-110.491936	4427236.0	543372.0	12.0	707	FNL	1978.0	FWL		6.0	6.0	S	5.0	W	U	7.0	62db6612313312ac
4522	-110.109213174	40.4010897690001	138850	126304	4301331390	0	Vertical	P	BH			40.401084	-110.109202	4472656.0	575592.0	12.0	660	FNL	1120.0	FEL	NENE	16.0	1.0	S	2.0	W	U	7.0	471472500481b410
4566	-110.217469498	40.009128897	138901	131732	4301352276	0		LA	BH			40.009125	-110.217461	4429063.0	566789.0	12.0	7	FNL	2421.0	FEL	NWNE	27.0	9.0	S	15.0	E	S	7.0	8a562c29f5b55ec8
4567	-110.191120614	40.0159484600001	138902	132367	4301352856	0	Directional	LA	BH			40.015942	-110.191109	4429840.0	569031.0	12.0	2470	FSL	317.0	FEL	NESE	23.0	9.0	S	15.0	E	S	7.0	96230f4ec32f9399
4614	-110.05860716	40.067004764	138957	114672	4301350280	0	Directional	P	BH			40.066999	-110.058596	4435618.0	580280.0	12.0	141	FSL	299.0	FEL		1.0	9.0	S	16.0	E	S	7.0	113fb12950f9106a
4735	-110.147981638	40.0635431850001	139096	137867	4301333519	0	Directional	S	BH			40.063537	-110.14797	4435157.0	572662.0	12.0	1514	FNL	1394.0	FWL		5.0	9.0	S	16.0	E	S	7.0	0b991aee0ef47741
5075	-109.981714034	40.032595858	139484	120846	4301332703	0	Vertical	I	BH			40.03259	-109.981703	4431871.0	586881.0	12.0	2031	FNL	466.0	FWL	SWNW	14.0	9.0	S	17.0	E	S	7.0	33fb701ce06d9d49
5266	-110.417491696	39.907334082	139693	126865	4301332942	0	Directional	PA	BH			39.907328	-110.41748	4417634.0	549791.0	12.0	682	FNL	1949.0	FWL	NENW	2.0	7.0	S	5.0	W	U	7.0	0e3615138d154b2a
8544	-110.041395949	40.438430011	143396	126196	4301330167	0	Vertical	PA	BH			40.438424	-110.041385	4476861.0	581302.0	12.0	1969	FSL	2156.0	FWL	NESW	31.0	1.0	N	1.0	W	U	7.0	4a68b5727c619865
8551	-110.075841328	40.4570076310001	143403	120868	4301330168	0	Vertical	S	BH			40.457001	-110.07583	4478892.0	578359.0	12.0	1841	FNL	2124.0	FEL	SWNE	26.0	1.0	N	2.0	W	U	7.0	31d9c229902af72e
10689	-110.452036579	40.178585265	145723	124851	4301330075	0	Vertical	PA	BH			40.178579	-110.452025	4447722.0	546653.0	12.0	1895	FNL	1694.0	FEL	SWNE	33.0	3.0	S	5.0	W	U	7.0	d472d8598296b7f4
10696	-110.462571029	40.2308442200001	145731	134020	4301331321	0	Vertical	P	BH			40.230838	-110.46256	4453517.0	545721.0	12.0	1280	FSL	660.0	FWL	SWSW	9.0	3.0	S	5.0	W	U	7.0	0713bcc7019cc683
10699	-110.467849088	40.247337729	145734	137153	4301351609	0	Directional	P	BH			40.247332	-110.467838	4455345.0	545261.0	12.0	1924	FSL	813.0	FEL	NESE	5.0	3.0	S	5.0	W	U	7.0	10e7dd3284559ac0
10700	-110.413034637	40.2242700130001	145735	137882	4301330980	0	Vertical	PA	BH			40.224264	-110.413023	4452814.0	549940.0	12.0	1103	FNL	1352.0	FEL	NWNE	14.0	3.0	S	5.0	W	U	7.0	3f9b932ea0ede621
10707	-110.426646665	40.2519789500001	145742	151945	4301354036	0	Horizontal	APD	BH			40.251972	-110.426636	4455882.0	548762.0	12.0	1600	FNL	135.0	FWL	SWNW	2.0	3.0	S	5.0	W	U	7.0	d6c708a48036e88e
10718	-110.506247619	40.2232997200001	145758	116872	4301330103	0	Vertical	PA	BH			40.223294	-110.506236	4452658.0	542010.0	12.0	1303	FNL	1227.0	FEL	SENE	13.0	3.0	S	6.0	W	U	7.0	2bf298cbc7745e2e
10731	-110.603762328	40.236026526	145778	129790	4301350916	0	Directional	LA	BH			40.23602	-110.603751	4454029.0	533707.0	12.0	1975	FNL	1967.0	FEL	SWNE	7.0	3.0	S	6.0	W	U	7.0	b950fa8de6835b9c
11827	-110.027894655	39.9200390130001	146956	115749	4301331312	0	Vertical	PA	BH			39.920033	-110.027883	4419334.0	583077.0	12.0	757	FNL	2016.0	FEL	NWNE	29.0	10.0	S	17.0	E	S	7.0	cba09d9132795168
12721	-110.006973789	39.9620809670001	147937	135891	4301351928	0	Horizontal	LA	BH			39.962075	-110.006963	4424020.0	584813.0	12.0	1300	FNL	1300.0	FEL	NWNE	9.0	10.0	S	17.0	E	S	7.0	dd0fbf01fc449b42
13867	-110.0153088	40.286706033	149177	115050	4301353399	0		LA	BH			40.2867	-110.015298	4460044.0	583702.0	12.0	330	FNL	1320.0	FEL	N-NE	29.0	2.0	S	1.0	W	U	7.0	0bbdb1cf694617d8
13909	-110.267256041	39.9101220470001	149222	120970	4301330832	0	Vertical	PA	BH			39.910116	-110.267245	4418038.0	562630.0	12.0	901	FSL	557.0	FEL	SESE	30.0	10.0	S	15.0	E	S	7.0	2d8e9d84c1b34f42
14979	-110.371037136	40.001576974	150417	114709	4301332529	0	Vertical	P	BH			40.001571	-110.371026	4428121.0	553688.0	12.0	2023	FSL	681.0	FEL	NESE	31.0	5.0	S	4.0	W	U	7.0	6ad37a6c994d2386
15755	-110.126697961	40.285366174	151278	114934	4301353353	0	Horizontal	P	BH			40.28536	-110.126687	4459796.0	574235.0	12.0	590	FNL	671.0	FEL	NENE	29.0	2.0	S	2.0	W	U	7.0	7a8e559bb4ff5654
15824	-110.163012208	40.278796592	151367	145968	4301353655	0	Horizontal	APD	BH			40.27879	-110.163001	4459037.0	571155.0	12.0	2310	FSL	330.0	FEL	NESE	25.0	2.0	S	3.0	W	U	7.0	c2408738b5b0fc22
15858	-110.365411102	40.2731645630001	151414	129256	4301332923	0	Vertical	P	BH			40.273158	-110.3654	4458269.0	553953.0	12.0	670	FSL	1217.0	FWL	SWSW	29.0	2.0	S	4.0	W	U	7.0	cdf1bd952f94ac39
16150	-110.295390133	40.037045221	151742	131589	4301333216	0	Vertical	P	BH			40.037039	-110.295379	4432106.0	560114.0	12.0	821	FNL	460.0	FEL	NENE	23.0	5.0	S	4.0	W	U	7.0	158997067179613c
16250	-110.393909545	40.0553964860001	151849	127977	4301352549	0		LA	BH			40.05539	-110.393898	4434081.0	551695.0	12.0	672	FSL	1912.0	FEL	SWSE	12.0	5.0	S	5.0	W	U	7.0	30e78be88bba7525
16262	-110.42222065	40.0447115380001	151861	131905	4301350476	0	Directional	P	BH			40.044705	-110.422209	4432879.0	549288.0	12.0	1983	FSL	630.0	FWL	NWSW	14.0	5.0	S	5.0	W	U	7.0	ae9f63b6c75c0600
16700	-110.344541321	40.1100590730001	152376	118553	4301333073	0	Vertical	PA	BH			40.110053	-110.34453	4440178.0	555861.0	12.0	660	FNL	1980.0	FWL	NENW	28.0	4.0	S	4.0	W	U	7.0	3c869512096d597f
16755	-110.574563157	40.149242848	152432	116679	4301351109	0	Directional	P	BH			40.149237	-110.574552	4444408.0	536237.0	12.0	1982	FNL	836.0	FWL	SWNW	9.0	4.0	S	6.0	W	U	7.0	9461dd71eedfcaa5
16773	-110.555382383	40.1090782640001	152452	129367	4301333610	0	Vertical	PA	BH			40.109072	-110.555371	4439958.0	537893.0	12.0	822	FNL	896.0	FWL	NWNW	27.0	4.0	S	6.0	W	U	7.0	7b732f2a5d16f004
16780	-110.537451198	40.105908744	152459	134038	4301351663	0	Directional	APD	BH			40.105903	-110.53744	4439614.0	539423.0	12.0	1980	FNL	660.0	FWL	SWNW	26.0	4.0	S	6.0	W	U	7.0	9c8d6963e03ffae6
16794	-110.61789884	40.1134638120001	152474	111049	4301352123	0	Directional	LA	BH			40.113458	-110.617888	4440420.0	532563.0	12.0	810	FSL	810.0	FEL	SESE	24.0	4.0	S	7.0	W	U	7.0	ad4395cb81ca42a1
16903	-110.226433029	40.1075916020001	152594	117086	4301332368	0	Vertical	PA	BH			40.107585	-110.226422	4439985.0	565929.0	12.0	2038	FNL	2144.0	FEL	SWNE	28.0	4.0	S	3.0	W	U	7.0	33a39f0c47f03ebb
17388	-110.545343305	40.0307184390001	153130	133543	4301332738	0	Vertical	P	BH			40.030712	-110.545332	4431265.0	538793.0	12.0	2131	FSL	2392.0	FEL	NWSE	22.0	5.0	S	6.0	W	U	7.0	2046a7e507bd181d
17390	-110.580320999	40.026201386	153133	135597	4301351443	0	Directional	LA	BH			40.026195	-110.58031	4430749.0	535811.0	12.0	500	FSL	1690.0	FEL		20.0	5.0	S	6.0	W	U	7.0	686c6a8a30e606ec
17463	-110.384760868	39.976198153	153211	126707	4301351918	0	Directional	P	BH			39.976192	-110.38475	4425296.0	552536.0	12.0	2010	FNL	665.0	FWL	SWNW	7.0	6.0	S	4.0	W	U	7.0	38231f8f032e6a4a
17479	-110.403600784	39.9832791760001	153228	110372	4301350329	0	Directional	P	BH			39.983273	-110.40359	4426071.0	550922.0	12.0	620	FSL	690.0	FWL	SWSW	1.0	6.0	S	5.0	W	U	7.0	37e2a636c9829175
17792	-110.056893045	40.0833069820001	153603	121276	4301331637	0	Vertical	I	BH			40.083301	-110.056882	4437429.0	580407.0	12.0	603	FSL	699.0	FWL	SWSW	30.0	8.0	S	17.0	E	S	7.0	706cde4235e3a9a8
17835	-110.018376241	40.0766623390001	153656	132265	4301331665	0	Vertical	I	BH			40.076656	-110.018365	4436727.0	583699.0	12.0	1835	FNL	738.0	FWL	SWNW	33.0	8.0	S	17.0	E	S	7.0	a079ce6b9ea17d56
17849	-110.005856034	40.108548033	153672	136268	4301351973	0	Directional	LA	BH			40.108542	-110.005845	4440278.0	584727.0	12.0	766	FNL	1126.0	FEL	NENE	21.0	8.0	S	17.0	E	S	7.0	72392a3ec00463df
18061	-110.081517825	40.0671976900001	153906	120959	4301350124	0	Directional	P	BH			40.067192	-110.081507	4435619.0	578326.0	12.0	169	FSL	1097.0	FEL	SESE	35.0	8.0	S	16.0	E	S	7.0	6ca95092747aaca0
18073	-110.093408191	40.0972749050001	153918	124260	4301350132	0	Vertical	P	BH			40.097269	-110.093397	4438947.0	577278.0	12.0	359	FSL	730.0	FWL	SWSW	23.0	8.0	S	16.0	E	S	7.0	20ecd0717ecd9206
18090	-110.593550169	40.1311207750001	153937	137407	4301352059	0	Directional	OPS	BH			40.131115	-110.593539	4442389.0	534629.0	12.0	1980	FSL	660.0	FWL	NESE	17.0	4.0	S	6.0	W	U	7.0	fc2ea178788087e8
18099	-110.649096649	40.084614624	153947	112322	4301352055	0	Directional	PA	BH			40.084609	-110.649085	4437207.0	529917.0	12.0	810	FSL	810.0	FWL	SWSW	35.0	4.0	S	7.0	W	U	7.0	167bc8fc36db50d2
18207	-110.088360087	40.1186327	154069	127935	4301350308	0	Vertical	P	BH			40.118627	-110.088349	4441322.0	577684.0	12.0	1979	FSL	666.0	FEL	NESE	22.0	4.0	S	2.0	W	U	7.0	4b13871746dca12d
18233	-110.178143621	40.114962103	154105	118027	4301350171	0	Vertical	LA	BH			40.114956	-110.178132	4440840.0	570037.0	12.0	660	FSL	667.0	FWL	SWSW	24.0	4.0	S	3.0	W	U	7.0	5b662835ce80f63e
18241	-110.207047069	40.125983976	154117	126104	4301350670	0	Vertical	LA	BH			40.125978	-110.207036	4442041.0	567563.0	12.0	573	FNL	2125.0	FEL	NWNE	22.0	4.0	S	3.0	W	U	7.0	f83aee496566dc14
18277	-110.382223959	40.149673804	154156	134562	4301353142	0	Directional	APD	BH			40.149668	-110.382213	4444552.0	552619.0	12.0	1980	FNL	1980.0	FWL	SENW	7.0	4.0	S	4.0	W	U	7.0	0ddb49ebf958d2fc
18296	-110.471746621	40.095113532	154179	120667	4301352113	0	Directional	P	BH			40.095107	-110.471735	4438447.0	545030.0	12.0	631	FNL	2017.0	FEL	NWNE	32.0	4.0	S	5.0	W	U	7.0	aa97144a118453a5
18298	-110.480843543	40.1669426460001	154181	121542	4301351242	0	Directional	P	BH			40.166937	-110.480832	4446415.0	544208.0	12.0	833	FNL	809.0	FWL		5.0	4.0	S	5.0	W	U	7.0	2ca23650f0889564
18302	-110.471809901	40.1203045780001	154185	125438	4301352947	0	Directional	LA	BH			40.120298	-110.471799	4441243.0	545008.0	12.0	1980	FNL	1980.0	FEL	SWNE	20.0	4.0	S	5.0	W	U	7.0	eef5af1eda79a06b
18399	-110.168947135	40.086714812	154290	111606	4301334182	0	Vertical	P	BH			40.086709	-110.168936	4437712.0	570850.0	12.0	1819	FSL	572.0	FWL		30.0	8.0	S	16.0	E	S	7.0	50c90bfe777174b8
18526	-110.070053303	40.09794564	154425	138275	4301331630	0	Vertical	PA	BH			40.09794	-110.070042	4439042.0	579268.0	12.0	660	FSL	1980.0	FWL	SESW	24.0	8.0	S	16.0	E	S	7.0	8e3be28ef5adb8c6
18560	-110.03940549	40.070748236	154468	119944	4301350656	0	Directional	P	BH			40.070742	-110.039394	4436051.0	581913.0	12.0	1325	FSL	82.0	FWL	SWSW	32.0	8.0	S	17.0	E	S	7.0	d09c3e9749700171
18744	-110.08643925	40.0780029490001	154679	112102	4301334149	0	Directional	P	BH			40.077997	-110.086428	4436814.0	577894.0	12.0	1469	FNL	2428.0	FEL	NWNE	35.0	8.0	S	16.0	E	S	7.0	9f8a1634dba55a33
18753	-110.065834983	40.0675407790001	154689	115049	4301350958	0	Horizontal	LA	BH			40.067535	-110.065824	4435671.0	579663.0	12.0	160	FSL	2100.0	FEL	SWSE	36.0	8.0	S	16.0	E	S	7.0	18ae05f22d9b98ed
18762	-110.060908464	40.0710596930001	154701	119079	4301352780	0	Directional	LA	BH			40.071054	-110.060897	4436066.0	580079.0	12.0	1439	FSL	721.0	FEL	NESE	36.0	8.0	S	16.0	E	S	7.0	67024c084b45676e
18816	-110.097872046	40.094165457	154768	135624	4301350040	0	Vertical	LA	BH			40.094159	-110.097861	4438598.0	576901.0	12.0	781	FNL	519.0	FEL	NENE	27.0	8.0	S	16.0	E	S	7.0	b610ad11d0b005e1
18835	-110.019145375	40.0835430650001	154788	110690	4301331771	0	Vertical	I	BH			40.083537	-110.019134	4437490.0	583625.0	12.0	640	FSL	507.0	FWL	SWSW	28.0	8.0	S	17.0	E	S	7.0	e005bf557b17470c
18979	-110.159790615	40.0691793060001	154939	111286	4301331715	0	Vertical	I	BH			40.069173	-110.159779	4435773.0	571649.0	12.0	723	FSL	1970.0	FEL	SWSE	31.0	8.0	S	16.0	E	S	7.0	ff30ad4ab122a6cf
19007	-110.076921523	40.107109128	154974	125039	4301334140	0	Directional	S	BH			40.107103	-110.07691	4440053.0	578672.0	12.0	1122	FNL	244.0	FWL	NWNW	24.0	8.0	S	16.0	E	S	7.0	c4b92596dcbc7874
19084	-110.630463226	40.094557373	155054	114424	4301352186	0	Directional	PA	BH			40.094551	-110.630452	4438317.0	531501.0	12.0	810	FNL	810.0	FWL	NWNW	36.0	4.0	S	7.0	W	U	7.0	95f0daccdad682d4
19161	-110.117167482	40.0797998580001	155134	135957	4301331603	0	Vertical	I	BH			40.079794	-110.117156	4436987.0	575272.0	12.0	660	FNL	660.0	FEL	NENE	33.0	8.0	S	16.0	E	S	7.0	4192f79b0a20a3c0
19543	-110.173919479	40.069334977	155565	110843	4301330451	0	Vertical	PA	BH			40.069329	-110.173908	4435779.0	570444.0	12.0	784	FSL	784.0	FEL	SESE	36.0	8.0	S	15.0	E	S	7.0	302412fb29dd453d
19570	-110.112580976	40.0690074680001	155601	116459	4301331225	0	Vertical	I	BH			40.069001	-110.11257	4435793.0	575675.0	12.0	660	FSL	660.0	FWL	SWSW	34.0	8.0	S	16.0	E	S	7.0	1b1b82c08ed473e6
19578	-110.06070068	40.072526554	155612	120067	4301331572	0	Vertical	PA	BH			40.07252	-110.060689	4436229.0	580095.0	12.0	1991	FSL	662.0	FEL	NESE	36.0	8.0	S	16.0	E	S	7.0	4c9181adf038d3fb
19582	-110.140839775	40.080410311	155616	120904	4301332220	0	Vertical	PA	BH			40.080404	-110.140829	4437035.0	573253.0	12.0	470	FNL	1958.0	FEL	NWNE	32.0	8.0	S	16.0	E	S	7.0	318ec7988c9445f7
19670	-110.046862192	40.0725486590001	155717	116692	4301315113	0	Vertical	PA	BH			40.072543	-110.046851	4436244.0	581275.0	12.0	1980	FSL	1980.0	FEL	NWSE	31.0	8.0	S	17.0	E	S	7.0	19309e842017be88
19687	-110.005210267	40.0763518110001	155738	120120	4301331915	0	Vertical	I	BH			40.076346	-110.005199	4436705.0	584822.0	12.0	1954	FNL	851.0	FEL	SENE	33.0	8.0	S	17.0	E	S	7.0	6c480ba7d8d6a029
19921	-110.216081013	40.014768556	156003	110539	4301332825	0	Vertical	I	BH			40.014762	-110.21607	4429690.0	566902.0	12.0	2035	FSL	2023.0	FEL	NWSE	22.0	9.0	S	15.0	E	S	7.0	b8805c6bba4ae5aa
19923	-110.192046757	40.0437225110001	156005	110648	4301332248	0	Vertical	I	BH			40.043716	-110.192036	4432922.0	568924.0	12.0	2046	FSL	557.0	FEL	NESE	11.0	9.0	S	15.0	E	S	7.0	18d83dc7bc03956f
19949	-110.120604111	40.1116834900001	156033	125619	4301350079	0	Vertical	S	BH			40.111677	-110.120593	4440523.0	574944.0	12.0	542	FNL	868.0	FWL		28.0	4.0	S	2.0	W	U	7.0	9f5b7d7fe1660dbd
19954	-110.092555317	40.1261434670001	156039	128726	4301350882	0	Vertical	LA	BH			40.126137	-110.092544	4442152.0	577318.0	12.0	560	FNL	1836.0	FEL	NWNE	22.0	4.0	S	2.0	W	U	7.0	2ea0aeecee4861f2
20010	-110.339926575	40.092193969	156108	120973	4301350037	0	Vertical	P	BH			40.092188	-110.339915	4438198.0	556269.0	12.0	1970	FNL	1989.0	FEL	SWNE	33.0	4.0	S	4.0	W	U	7.0	7405b8dcbca7f4b1
20040	-110.392214876	40.1418163440001	156141	119384	4301330922	0	Vertical	PA	BH			40.14181	-110.392204	4443674.0	551774.0	12.0	522	FSL	796.0	FEL	SESE	12.0	4.0	S	5.0	W	U	7.0	41bd072324e5a083
20044	-110.401025653	40.091616064	156145	124431	4301353080	0	Directional	LA	BH			40.09161	-110.401014	4438097.0	551061.0	12.0	1980	FNL	1980.0	FWL	SENW	36.0	4.0	S	5.0	W	U	7.0	fa797238604ddd95
20067	-110.414896056	40.1280405000001	156169	137150	4301310226	0	Vertical	PA	BH			40.128034	-110.414885	4442132.0	549852.0	12.0	810	FSL	1880.0	FEL	SWSE	14.0	4.0	S	5.0	W	U	7.0	60fba8df880e2dc3
20080	-110.552104003	40.102632783	156184	116210	4301330455	0	Vertical	PA	BH			40.102627	-110.552093	4439244.0	538176.0	12.0	2104	FSL	1817.0	FWL	NESW	27.0	4.0	S	6.0	W	U	7.0	cc8dfeb4e20b9b94
20100	-110.517975993	40.145516414	156205	135445	4301351720	0	Directional	P	BH			40.14551	-110.517965	4444019.0	541059.0	12.0	1964	FSL	774.0	FWL	NWSW	12.0	4.0	S	6.0	W	U	7.0	4110d4cf507c6278
20566	-110.009303056	40.0763688690001	156705	126816	4301331860	0	Vertical	I	BH			40.076363	-110.009292	4436703.0	584473.0	12.0	1943	FNL	2009.0	FEL	SWNE	33.0	8.0	S	17.0	E	S	7.0	37b6f6aef6632a8e
20734	-110.05991809	40.427492128	156900	131596	4301330360	0	Vertical	P	BH			40.427486	-110.059907	4475630.0	579744.0	12.0	2022	FNL	2034.0	FWL	SENW	1.0	1.0	S	2.0	W	U	7.0	e1550bcf12da301a
20735	-110.051565986	40.401036671	156901	133636	4301331336	0	Vertical	PA	BH			40.40103	-110.051555	4472701.0	580484.0	12.0	730	FNL	849.0	FEL		13.0	1.0	S	2.0	W	U	7.0	cec9abd80b90a32d
20747	-110.204994139	40.0644079480001	156914	124251	4301330997	0	Vertical	PA	BH			40.064402	-110.204983	4435208.0	567799.0	12.0	984	FNL	678.0	FWL		2.0	9.0	S	15.0	E	S	7.0	f0157082f46d1669
20764	-110.192370651	40.018254632	156931	129658	4301332828	0	Vertical	I	BH			40.018249	-110.192359	4430095.0	568922.0	12.0	1970	FNL	665.0	FEL	SENE	23.0	9.0	S	15.0	E	S	7.0	e39d823cb29800b2
20771	-110.185782493	40.06774319	156940	131403	4301351065	0	Horizontal	P	BH			40.067737	-110.185771	4435593.0	569434.0	12.0	215	FSL	1120.0	FWL	SWSW	36.0	9.0	S	15.0	E	S		9667b014ba534050
20772	-110.221984292	39.9974287270001	156941	131421	4301352523	0		LA	BH			39.997421	-110.22197	4427761.0	566415.0	12.0	1015	FSL	1409.0	FWL	SESW	27.0	9.0	S	15.0	E	S	7.0	01a62b1ce6980c7f
20832	-110.065495672	40.021985882	157014	118328	4301333083	0	Vertical	I	BH			40.02198	-110.065484	4430615.0	579745.0	12.0	595	FNL	2010.0	FEL	NWNE	24.0	9.0	S	16.0	E	S	7.0	f35f661177516f3a
20869	-110.121880164	40.061708545	157054	123324	4301331973	0	Vertical	A	BH			40.061702	-110.121869	4434975.0	574890.0	12.0	1980	FNL	1980.0	FEL	SWNE	4.0	9.0	S	16.0	E	S	7.0	6366f6a21a788bce
20876	-110.121372545	40.04006378	157063	124376	4301333054	0	Vertical	I	BH			40.040058	-110.121361	4432573.0	574957.0	12.0	731	FSL	1804.0	FEL	SWSE	9.0	9.0	S	16.0	E	S	7.0	0cd17e6ffd3e4a4b
21223	-110.039239559	40.0775490090001	157432	112285	4301350831	0	Directional	P	BH			40.077543	-110.039228	4436806.0	581919.0	12.0	1491	FNL	161.0	FWL		32.0	8.0	S	17.0	E	S	7.0	55af13b2f5fa9032
21224	-110.056008482	40.0870567210001	157434	112712	4301331543	0	Vertical	I	BH			40.087051	-110.055997	4437846.0	580478.0	12.0	1980	FSL	660.0	FWL	NWSW	30.0	8.0	S	17.0	E	S	7.0	61cdcba4b2a8b841
21244	-110.013537959	40.1014782670001	157459	117842	4301330752	0	Vertical	I	BH			40.101472	-110.013527	4439486.0	584081.0	12.0	1915	FSL	2076.0	FWL	NESW	21.0	8.0	S	17.0	E	S	7.0	550e8f5697c38a67
21480	-110.184428572	40.0012879350001	157730	120343	4301352574	0	Directional	P	BH			40.001282	-110.184417	4428218.0	569617.0	12.0	2393	FSL	1566.0	FWL	NESW	25.0	9.0	S	15.0	E	S	7.0	da0eeb4740569df3
21727	-110.177608916	40.0101953160001	157996	120418	4301332943	0	Vertical	I	BH			40.010189	-110.177598	4429212.0	570190.0	12.0	358	FSL	1810.0	FEL	SWSE	24.0	9.0	S	15.0	E	S	7.0	07af4fd3c9c54b56
22056	-110.165355183	40.0119636900001	158366	138473	4301352955	0	Directional	LA	BH			40.011958	-110.165344	4429418.0	571234.0	12.0	997	FSL	1622.0	FWL	SESW	19.0	9.0	S	16.0	E	S	7.0	5fd6eddd231302b3
22093	-110.046089315	40.0371529760001	158409	114334	4301350493	0	Directional	P	BH			40.037147	-110.046078	4432316.0	581383.0	12.0	365	FNL	1704.0	FEL	NWNE	18.0	9.0	S	17.0	E	S	7.0	ae9d7b62eae8b25e
22104	-110.020235562	40.0377480930001	158422	116263	4301351249	0	Directional	P	BH			40.037742	-110.020224	4432406.0	583588.0	12.0	129	FNL	178.0	FWL	NWNW	16.0	9.0	S	17.0	E	S	7.0	3bc29ccfb18d7a05
22150	-110.01787753	40.032989123	158472	125037	4301330570	0	Vertical	I	BH			40.032983	-110.017866	4431880.0	583795.0	12.0	1922	FNL	865.0	FWL	SWNW	16.0	9.0	S	17.0	E	S	7.0	7c18246c98042904
22438	-110.272471787	40.215687754	158797	112077	4301351322	0	Horizontal	S	BH			40.215682	-110.272461	4451950.0	561907.0	12.0	710	FSL	772.0	FWL	SWSW	18.0	3.0	S	3.0	W	U		573f843f7887471b
22483	-110.315145433	40.2213266970001	158847	134112	4301352904	0	Horizontal	RET	BH			40.221321	-110.315134	4452547.0	558271.0	12.0	2700	FSL	660.0	FEL	SENE	15.0	3.0	S	4.0	W	U	7.0	9de4babb8ff2cd99
22494	-110.45770746	40.224587043	158865	114660	4301330912	0	Vertical	PA	BH			40.224581	-110.457696	4452825.0	546139.0	12.0	989	FNL	2007.0	FWL	NENW	16.0	3.0	S	5.0	W	U	7.0	8226f574868fe86c
22504	-110.3725256	40.1905425630001	158878	119741	4301352990	0	Vertical	P	BH			40.190536	-110.372514	4449094.0	553413.0	12.0	2377	FSL	700.0	FEL	NESE	30.0	3.0	S	4.0	W	U	7.0	b87ac9b54c9c6c69
22535	-110.404335653	40.223081381	158919	122719	4301353280	0	Vertical	RET	BH			40.223075	-110.404324	4452687.0	550681.0	12.0	1554	FNL	1099.0	FWL	SWNW	13.0	3.0	S	5.0	W	U	7.0	04225879c91e630b
22546	-110.121695333	40.2282999010001	158930	132187	4301353463	0	Horizontal	P	BH	DTD	13480.0	40.228294	-110.121684	4453466.0	574723.0	12.0	345	FNL	690.0	FWL	NWNW	16.0	3.0	S	2.0	W	U	7.0	993b80c7e6648785
22588	-110.310444941	40.244434751	158976	112715	4301351884	0	Horizontal	LA	BH			40.244429	-110.310434	4455115.0	558651.0	12.0	660	FSL	660.0	FWL		2.0	3.0	S	4.0	W	U	7.0	e25b793c622c84c4
22603	-110.354548527	40.2082102570001	158991	128125	4301352875	0	Vertical	P	BH			40.208204	-110.354537	4451066.0	554929.0	12.0	1904	FNL	1002.0	FEL	SENE	20.0	3.0	S	4.0	W	U	7.0	cc7baf6c9a5c0927
22779	-109.956228549	40.257674208	159194	145772	4301353617	0	Horizontal	RET	BH			40.257668	-109.456217	4456879.0	588762.0	12.0	380	FNL	660.0	FEL	NENE	2.0	3.0	S	1.0	W	U	7.0	3a6a76fb44c34eb6
22891	-109.982988786	40.2453447030001	159322	128869	4301350945	0	Vertical	P	BH			40.245339	-109.982978	4455484.0	586502.0	12.0	414	FSL	2441.0	FWL	SESW	3.0	3.0	S	1.0	W	U	7.0	d2290021c2f328dd
22966	-110.133576366	40.2570749160001	159412	116402	4301353320	0	Horizontal	P	BH			40.257069	-110.133565	4456650.0	573681.0	12.0	391	FNL	2396.0	FWL		5.0	3.0	S	2.0	W	U	7.0	4221f24f5baca292
22968	-110.121375066	40.187575431	159414	118457	4301351874	0	Horizontal	LA	BH			40.187569	-110.121364	4448946.0	574795.0	12.0	660	FSL	660.0	FWL	SWSW	28.0	3.0	S	2.0	W	U	7.0	5f0ac3e1bd0b91b7
24730	-110.038546565	39.9674285780001	161383	132918	4301330722	0	Vertical	PA	BH			39.967422	-110.038535	4424584.0	582110.0	12.0	636	FSL	358.0	FWL	SWSW	5.0	10.0	S	17.0	E	S	7.0	4cca8f29e32dcca5
26278	-110.45913747	40.0014089470001	163048	123163	4301333799	0	Horizontal	P	BH			40.001403	-110.459126	4428053.0	546168.0	12.0	1959	FSL	799.0	FEL	NWSW	33.0	15.0	S	5.0	W	U		6f8bb5ad61ff7d74
26882	-109.951501484	40.2576675080001	163705	145770	4301353616	0	Horizontal	RET	BH			40.257661	-109.95149	4456883.0	589164.0	12.0	380	FNL	660.0	FWL	NWNW	1.0	3.0	S	1.0	W	U	7.0	d6b9e5cffa75576e
26936	-110.088252628	40.2012837240001	163768	114207	4301352270	0	Horizontal	P	BH			40.201278	-110.088241	4450496.0	577599.0	12.0	445	FSL	619.0	FEL	SESE	22.0	3.0	S	2.0	W	U		0befdf8b6e253748
26999	-110.197504022	40.1729744410001	163836	132107	4301351191	0	Horizontal	P	BH			40.172968	-110.197493	4447264.0	568329.0	12.0	673	FSL	716.0	FWL	SWSW	35.0	3.0	S	3.0	W	U		65d6d9bd4e541a45
27447	-110.032403931	40.0508961240001	164360	123286	4301331460	0	Vertical	A	BH			40.05089	-110.032393	4433854.0	582534.0	12.0	634	FNL	2068.0	FWL	NENW	8.0	9.0	S	17.0	E	S	7.0	b82d58c0494577e4
27544	-110.031905861	40.315711326	164658	155828	4301354213	0	Horizontal	DRL	BH			40.315704	-110.031898	4463248.0	582256.0	12.0	330	FNL	598.0	FEL	NENE	18.0	2.0	S	1.0	W	U	7.0	225f12b83b5f9023
27670	-110.136072754	40.3150136470001	164962	144792	4301353590	0	Horizontal	LA	BH			40.315006	-110.136063	4463079.0	573406.0	12.0	330	FNL	1980.0	FWL	NENW	17.0	2.0	S	2.0	W	U	7.0	b5c5d97b42ab6831
27671	-110.134895835	40.3150138610001	164963	144797	4301353592	0	Horizontal	LA	BH			40.315006	-110.134888	4463080.0	573506.0	12.0	330	FNL	2310.0	FWL	NENW	17.0	2.0	S	2.0	W	U	7.0	b935b9c7c250a0b2
27684	-110.137338647	40.258976945	164983	144832	4301353605	0	Horizontal	LA	BH			40.258972	-110.137329	4456858.0	573359.0	12.0	330	FSL	1650.0	FWL	SESW	32.0	2.0	S	2.0	W	U	7.0	14d4008e216113c7
27735	-110.036922628	40.0838363890001	165125	135199	4301331925	0	Vertical	A	BH			40.08383	-110.036911	4437506.0	582109.0	12.0	766	FSL	808.0	FWL		29.0	8.0	S	17.0	E	S	7.0	3d3e32b6a92c2d92
27739	-110.201854649	40.040024483	165133	134489	4301332303	0	Vertical	A	BH			40.040018	-110.201843	4432504.0	568091.0	12.0	673	FSL	1981.0	FWL	SESW	11.0	9.0	S	15.0	E	S	7.0	b9fadd3299e38c91
27821	-110.082431278	40.286140711	165360	154555	4301354108	0	Horizontal	P	BH	DTD	19776.0	40.286135	-110.08242	4459920.0	577997.0	12.0	346	FNL	1104.0	FWL	NWNW	26.0	2.0	S	2.0	W	U	7.0	e053db7c9167ec38
27970	-110.037474453	40.091291789	165870	121056	4301332061	0	Vertical	A	BH			40.091286	-110.037463	4438333.0	582053.0	12.0	1785	FNL	662.0	FWL	SWNW	29.0	8.0	S	17.0	E	S	7.0	80cb3e7f9287fafc
28136	-110.062672558	40.2576664700001	166352	147277	4301353831	0	Horizontal	APD	BH			40.25766	-110.06266	4456777.0	579710.0	12.0	330	FNL	1320.0	FWL	LOT3	1.0	3.0	S	2.0	W	U	7.0	442e57e673c3089a
28141	-110.154140579	40.2959756700001	166373	131854	4301330600	0	Vertical	PA	BH			40.29597	-110.154129	4460951.0	571891.0	12.0	2032	FNL	2120.0	FWL	SENW	19.0	2.0	S	2.0	W	U	7.0	efd62bdf632b0164
28145	-110.204969984	40.0553892130001	166394	114595	4301350911	0	Directional	PA	BH			40.055383	-110.204959	4434207.0	567810.0	12.0	967	FSL	1133.0	FWL	SWSW	2.0	9.0	S	15.0	E	S	7.0	64295c2d7291d0b2
28210	-110.136224705	40.0362923340001	166582	112172	4301333028	0	Vertical	A	BH			40.036286	-110.136214	4432142.0	573694.0	12.0	660	FNL	660.0	FEL	NENE	17.0	9.0	S	16.0	E	S	7.0	10044b02a0d697be
28222	-110.350592236	40.1844213310001	166609	150563	4301353945	0	Horizontal	P	BH	DTD	19320.0	40.184415	-110.350581	4448428.0	555285.0	12.0	24	FNL	101.0	FWL	NWNW	33.0	3.0	S	4.0	W	U	7.0	ddb170d68578eafa
28256	-110.236493643	40.285205863	166689	154945	4301354158	0	Horizontal	DRL	BH			40.285198	-110.236481	4459692.0	564902.0	12.0	658	FNL	330.0	FWL	NWNW	28.0	2.0	S	3.0	W	U	7.0	6507f90f44cae720
28322	-110.035879534	40.1220096490001	166831	123957	4301333780	0	Vertical	P	BH			40.122004	-110.035868	4441744.0	582152.0	12.0	2088	FNL	1711.0	FEL	SWNE	19.0	4.0	S	1.0	W	U	7.0	07eece3d048b5bd7
28396	-110.235774602	40.04133433	167162	123456	4301331166	0	Vertical	I	BH			40.041328	-110.235763	4432624.0	565196.0	12.0	750	FSL	500.0	FWL	SWSW	16.0	5.0	S	3.0	W	U	7.0	83604b274b6817c1
28529	-110.227294748	40.019952333	167517	116100	4301334291	0	Vertical	P	BH			40.019946	-110.227284	4430257.0	565940.0	12.0	1754	FNL	576.0	FEL	SWNE	28.0	5.0	S	3.0	W	U	7.0	fda60349cd4ff035
28535	-110.270855554	40.0504258570001	167525	121247	4301332490	0	Vertical	P	BH			40.05042	-110.270844	4433608.0	562195.0	12.0	1210	FNL	1191.0	FWL	NWNW	18.0	5.0	S	3.0	W	U	7.0	1a7c7644ee97c724
28549	-110.22830741	40.008075368	167543	127279	4301350950	0	Directional	P	BH			40.008069	-110.228296	4428938.0	565865.0	12.0	713	FNL	2582.0	FWL	NENW	33.0	5.0	S	3.0	W	U	7.0	bef747f8fe8baa6b
28554	-110.255665401	40.0436261240001	167548	129956	4301351200	0	Directional	P	BH			40.04362	-110.255654	4432864.0	563497.0	12.0	1505	FSL	190.0	FWL	NWSW	17.0	5.0	S	3.0	W	U	7.0	ad4755f56810ea10
28614	-110.267866478	40.0339464510001	167618	138116	4301331828	0	Vertical	P	BH			40.03394	-110.267855	4431781.0	562465.0	12.0	1980	FNL	1980.0	FWL	SENW	19.0	5.0	S	3.0	W	U	7.0	b357fe2c1a7cdfe6
28639	-110.232938366	40.0391983310001	167652	117863	4301350806	0	Directional	P	BH			40.039192	-110.232927	4432389.0	565440.0	12.0	3	FNL	1248.0	FWL	NWNW	21.0	5.0	S	3.0	W	U	7.0	30dbb61d9662ad16
28660	-110.239787338	40.048379202	167677	137967	4301351211	0	Vertical	P	BH			40.048373	-110.239776	4433403.0	564847.0	12.0	1960	FNL	640.0	FEL	SENE	17.0	5.0	S	3.0	W	U	7.0	258f6681f96eb760
28690	-110.034233806	40.0533169290001	167721	117308	4301350549	0	Directional	P	BH			40.053311	-110.034223	4434121.0	582375.0	12.0	254	FSL	1542.0	FWL	SESW	5.0	9.0	S	17.0	E	S	7.0	689f0132dc3d727e
28719	-110.266444368	40.0091429240001	167753	127778	4301331188	0	Vertical	P	BH			40.009137	-110.266433	4429029.0	562609.0	12.0	422	FNL	2338.0	FWL	NENW	31.0	5.0	S	3.0	W	U	7.0	3278e8fc6e2a4924
28765	-110.062696185	40.2866221620001	167835	147078	4301353825	0	Horizontal	APD	BH			40.286617	-110.062683	4459991.0	579674.0	12.0	330	FNL	1320.0	FWL	NWNW	25.0	2.0	S	2.0	W	U	7.0	824ebb1b950011ae
28777	-110.084098636	40.09425557	167878	122593	4301331768	0	Vertical	A	BH			40.094249	-110.084087	4438620.0	578075.0	12.0	660	FNL	1980.0	FEL	NWNE	26.0	8.0	S	16.0	E	S	7.0	ff5aa02f9d57fa83
28800	-110.150252407	40.0289361280001	167936	138440	4301333035	0	Vertical	A	BH			40.02893	-110.150241	4431314.0	572505.0	12.0	1919	FSL	668.0	FWL	NWSW	17.0	9.0	S	16.0	E	S	7.0	41520a1b83c7f246
28942	-110.574836054	40.2146436510001	168338	135218	4301350757	0	Directional	P	BH			40.214638	-110.574825	4451667.0	536179.0	12.0	730	FSL	922.0	FWL	SWSW	16.0	3.0	S	6.0	W	U	7.0	58a40267429c8f09
28953	-110.630848071	40.149228742	168373	128991	4301352095	0	Directional	P	BH			40.149223	-110.630837	4444385.0	531443.0	12.0	2037	FNL	820.0	FWL	SWNW	12.0	4.0	S	7.0	W	U	7.0	b1760df457522060
28957	-110.574836054	40.2146436510001	168392	139293	4301350757	0	Directional	P	BH			40.214638	-110.574825	4451667.0	536179.0	12.0	810	FSL	810.0	FWL	SWSW	16.0	3.0	S	6.0	W	U	7.0	2926927c1cf885be
29020	-110.215874779	40.0767711280001	168576	129517	4301334289	0	Vertical	P	BH			40.076765	-110.215864	4436572.0	566859.0	12.0	2871	FNL	752.0	FWL	SWNW	3.0	5.0	S	3.0	W	U	7.0	835fa90069546217
29095	-110.235027248	40.2681416880001	168865	154890	4301354143	0	Directional	APD	BH			40.268135	-110.235016	4457799.0	565043.0	12.0	1574	FNL	737.0	FWL	NESE	33.0	2.0	S	3.0	W	U	7.0	54829f596cb48c37
29250	-110.18768005	40.0254565640001	169198	131992	4301332455	0	Vertical	PA	BH			40.02545	-110.187669	4430898.0	569315.0	12.0	665	FSL	656.0	FWL	SWSW	13.0	9.0	S	15.0	E	S	7.0	24290a0355bcc901
29256	-110.201371057	39.999072427	169205	125720	4301332904	0	Vertical	PA	BH			39.999066	-110.20136	4427959.0	568173.0	12.0	1640	FSL	2079.0	FWL	NESW	26.0	9.0	S	15.0	E	S	7.0	b3e3dd9a33a622fd
29258	-110.23644499	40.291620107	169207	156221	4301354237	0	Horizontal	DRL	BH			40.291615	-110.236435	4460404.0	564900.0	12.0	1680	FSL	330.0	FWL	NWSW	21.0	2.0	S	3.0	W	U	7.0	001141128bc01c8f
29289	-110.023300595	40.0833259120001	169257	112961	4301331871	0	Vertical	A	BH			40.08332	-110.023289	4437462.0	583271.0	12.0	565	FSL	666.0	FEL	SESE	29.0	8.0	S	17.0	E	S	7.0	1d0d1ec7ccff32f1
29354	-110.472036392	40.2441045300001	169399	125951	4301351602	0	Directional	P	BH			40.244098	-110.472025	4454984.0	544907.0	12.0	792	FSL	2014.0	FEL	SWSE	5.0	3.0	S	5.0	W	U	7.0	9144ace3a03038d6
29407	-110.140507426	40.1189503740001	169501	114805	4301350007	0	Vertical	PA	BH			40.118944	-110.140496	4441313.0	573240.0	12.0	2095	FSL	591.0	FWL	NWSW	20.0	4.0	S	2.0	W	U	7.0	8be1be903c762ce0
29461	-110.180040066	40.052773863	169585	129716	4301333985	0	Directional	P	BH			40.052768	-110.180029	4433936.0	569939.0	12.0	98	FNL	2352.0	FEL	SWSE	1.0	9.0	S	15.0	E	S	7.0	6d1029d38f4f12e6
29653	-110.061043039	40.017679355	169939	127114	4301333086	0	Vertical	A	BH			40.017673	-110.061032	4430141.0	580130.0	12.0	2148	FNL	763.0	FEL	SENE	24.0	9.0	S	16.0	E	S	7.0	ac603cbae5c4b76e
29742	-110.351550649	40.239176684	170122	157308	4301354292	0	Horizontal	NEW	BH			40.23917	-110.35154	4454505.0	555159.0	12.0	1055	FNL	135.0	FEL	NENE	8.0	3.0	S	4.0	W	U	7.0	65c3e165efc28820
29907	-110.263391768	40.0347920240001	170417	110538	4301331965	0	Vertical	I	BH			40.034786	-110.263381	4431878.0	562846.0	12.0	1661	FNL	2013.0	FEL	SWNE	19.0	5.0	S	3.0	W	U	7.0	058c22ba9e0cd1f6
29968	-110.216521304	40.074595194	170521	134569	4301331706	0	Vertical	P	BH			40.074589	-110.21651	4436330.0	566806.0	12.0	2272	FSL	575.0	FWL	NWSW	3.0	5.0	S	3.0	W	U	7.0	4fb8677c1fe71018
30108	-110.088967916	40.0765903550001	170798	119515	4301330751	0	Vertical	I	BH			40.076584	-110.088957	4436655.0	577680.0	12.0	1831	FNL	1968.0	FWL	SENW	35.0	8.0	S	16.0	E	S	7.0	20208222bd3c787c
30256	-110.024617029	39.963816465	170999	116382	4301350417	0	Horizontal	S	BH			39.96381	-110.024606	4424196.0	583304.0	12.0	653	FNL	864.0	FEL	NENE	8.0	10.0	S	17.0	W	S		35395e3618a52b54
30506	-110.338068869	39.9726073150001	171364	128992	4301352041	0	Directional	DRL	BH			39.972601	-110.338058	4424926.0	556526.0	12.0	1980	FSL	1980.0	FEL	NWSE	9.0	6.0	S	4.0	W	U	7.0	fedad9376f73fc22
30555	-110.064483954	40.1422360990001	171439	155592	4301354194	0	Horizontal	P	BH	DTD	17945.0	40.14223	-110.064473	4443963.0	579691.0	12.0	17	FNL	694.0	FWL	NWNW	13.0	4.0	S	2.0	W	U	7.0	d77440ef72cfac75
30564	-110.102208735	40.2593133350001	171450	157866	4301354335	0	Horizontal	NEW	BH			40.259308	-110.102196	4456925.0	576346.0	12.0	330	FSL	870.0	FWL	SWSW	34.0	2.0	S	2.0	W	U	7.0	c49d14aef7085f63
30599	-110.096481136	40.259367856	171488	157888	4301354343	0	Horizontal	NEW	BH			40.259361	-110.096474	4456936.0	576833.0	12.0	330	FSL	2470.0	FWL	SESW	34.0	2.0	S	2.0	W	U	7.0	ee6ea52013ad46d2
30667	-110.461359037	39.981084293	171565	153486	4301354056	0	Directional	P	BH			39.981079	-110.461349	4425796.0	545992.0	12.0	200	FNL	193.0	FWL	NWNW	9.0	6.0	S	5.0	W	U	7.0	df37e6d1ce79d725
30856	-110.16348045	40.104009719	171773	118152	4301334272	0	Vertical	S	BH			40.104004	-110.163469	4439636.0	571298.0	12.0	1435	FSL	576.0	FEL	NESE	25.0	4.0	S	3.0	W	U	7.0	9ebf1fec479e8319
31178	-110.234936875	40.0176965740001	172103	123176	4301330802	0	Vertical	A	BH			40.01769	-110.234926	4430001.0	565290.0	12.0	2583	FNL	712.0	FWL	SWNW	28.0	5.0	S	3.0	W	U	7.0	474f3fdb7bc3767c
31220	-110.043835327	40.0977862230001	172147	120438	4301333731	0	Vertical	I	BH			40.09778	-110.043824	4439048.0	581503.0	12.0	580	FSL	1105.0	FEL	SESE	19.0	8.0	S	17.0	E	S	7.0	07c37bd2d8b12a8d
31231	-110.043231027	40.0621848490001	172158	125062	4301331364	0	Vertical	I	BH			40.062179	-110.04322	4435097.0	581597.0	12.0	1806	FNL	921.0	FEL	SENE	6.0	9.0	S	17.0	E	S	7.0	889f264707e8eec4
31234	-110.198548283	40.2717957720001	172161	154630	4301354113	0	Horizontal	P	BH			40.27179	-110.19854	4458232.0	568141.0	12.0	277	FNL	330.0	FWL	NWNW	35.0	2.0	S	3.0	W	U	7.0	8d66add5502ce921
31234	-110.198548283	40.2717957720001	172161	154630	4301354113	0	Horizontal	P	BH			40.27179	-110.19854	4458232.0	568141.0	12.0	277	FNL	330.0	FWL	NWNW	35.0	2.0	S	3.0	W	U	7.0	8d66add5502ce921	foo